-- ============================================================
-- DATOS MAESTROS - Sistema Bomberos Voluntarios de Cali
-- 2 sedes, 8 proveedores, 14 empleados,
-- 20 productos, 60 clientes
-- ============================================================

BEGIN;

-- SEDE
INSERT INTO SEDE (id_sede, nombre_sede, direccion, telefono) VALUES (1, 'Estación X1 - Versalles', 'Calle 5 # 10-20, Cali', '6023456789');
INSERT INTO SEDE (id_sede, nombre_sede, direccion, telefono) VALUES (2, 'Estación X3', 'Carrera 8 # 45-12, Cali', '6023456790');

-- PROVEEDOR
INSERT INTO PROVEEDOR (id_proveedor, nit, razon_social, telefono, correo, direccion, rut, tipo_proveedor, tiempo_entrega, contacto_comercial, contacto_cartera, contacto_logistico, condiciones_pago, calificacion, banco, tipo_cuenta, numero_cuenta, activo) VALUES (1, '900100001-1', 'Extintores del Valle S.A.S.', '602104902', 'ventas1@extintores.com', 'Zona Industrial 1, Palmira', '900100001-1', 'Nacional', 11, 'Contacto Comercial 1', 'Contacto Cartera 1', 'Contacto Logístico 1', 15, 3, 'Bancolombia', 'Ahorros', '734036506', TRUE);
INSERT INTO PROVEEDOR (id_proveedor, nit, razon_social, telefono, correo, direccion, rut, tipo_proveedor, tiempo_entrega, contacto_comercial, contacto_cartera, contacto_logistico, condiciones_pago, calificacion, banco, tipo_cuenta, numero_cuenta, activo) VALUES (2, '900100002-6', 'Equipos Contraincendios Andinos Ltda.', '602133306', 'ventas2@equipos.com', 'Zona Industrial 2, Cali', '900100002-6', 'Nacional', 3, 'Contacto Comercial 2', 'Contacto Cartera 2', 'Contacto Logístico 2', 0, 3, 'Bancolombia', 'Ahorros', '702632297', TRUE);
INSERT INTO PROVEEDOR (id_proveedor, nit, razon_social, telefono, correo, direccion, rut, tipo_proveedor, tiempo_entrega, contacto_comercial, contacto_cartera, contacto_logistico, condiciones_pago, calificacion, banco, tipo_cuenta, numero_cuenta, activo) VALUES (3, '900100003-3', 'Seguridad Industrial del Pacífico S.A.', '604725812', 'ventas3@seguridad.com', 'Zona Industrial 3, Cali', '900100003-3', 'Internacional', 20, 'Contacto Comercial 3', 'Contacto Cartera 3', 'Contacto Logístico 3', 45, 3, 'Bancolombia', 'Ahorros', '914763202', TRUE);
INSERT INTO PROVEEDOR (id_proveedor, nit, razon_social, telefono, correo, direccion, rut, tipo_proveedor, tiempo_entrega, contacto_comercial, contacto_cartera, contacto_logistico, condiciones_pago, calificacion, banco, tipo_cuenta, numero_cuenta, activo) VALUES (4, '900100004-2', 'Distribuidora EPP Colombia S.A.S.', '604928208', 'ventas4@distribuidora.com', 'Zona Industrial 4, Jamundí', '900100004-2', 'Nacional', 16, 'Contacto Comercial 4', 'Contacto Cartera 4', 'Contacto Logístico 4', 30, 4, 'Bancolombia', 'Ahorros', '209747451', TRUE);
INSERT INTO PROVEEDOR (id_proveedor, nit, razon_social, telefono, correo, direccion, rut, tipo_proveedor, tiempo_entrega, contacto_comercial, contacto_cartera, contacto_logistico, condiciones_pago, calificacion, banco, tipo_cuenta, numero_cuenta, activo) VALUES (5, '900100005-1', 'Sistemas de Detección Cali Ltda.', '603593530', 'ventas5@sistemas.com', 'Zona Industrial 5, Buenaventura', '900100005-1', 'Nacional', 6, 'Contacto Comercial 5', 'Contacto Cartera 5', 'Contacto Logístico 5', 30, 4, 'Bancolombia', 'Ahorros', '675770529', TRUE);
INSERT INTO PROVEEDOR (id_proveedor, nit, razon_social, telefono, correo, direccion, rut, tipo_proveedor, tiempo_entrega, contacto_comercial, contacto_cartera, contacto_logistico, condiciones_pago, calificacion, banco, tipo_cuenta, numero_cuenta, activo) VALUES (6, '900100006-1', 'Camillas y Rescate S.A.S.', '603587688', 'ventas6@camillas.com', 'Zona Industrial 6, Palmira', '900100006-1', 'Nacional', 5, 'Contacto Comercial 6', 'Contacto Cartera 6', 'Contacto Logístico 6', 60, 4, 'Bancolombia', 'Ahorros', '149203558', TRUE);
INSERT INTO PROVEEDOR (id_proveedor, nit, razon_social, telefono, correo, direccion, rut, tipo_proveedor, tiempo_entrega, contacto_comercial, contacto_cartera, contacto_logistico, condiciones_pago, calificacion, banco, tipo_cuenta, numero_cuenta, activo) VALUES (7, '900100007-3', 'Mangueras y Accesorios Industriales S.A.', '603213781', 'ventas7@mangueras.com', 'Zona Industrial 7, Jamundí', '900100007-3', 'Internacional', 5, 'Contacto Comercial 7', 'Contacto Cartera 7', 'Contacto Logístico 7', 15, 3, 'Bancolombia', 'Ahorros', '274648506', TRUE);
INSERT INTO PROVEEDOR (id_proveedor, nit, razon_social, telefono, correo, direccion, rut, tipo_proveedor, tiempo_entrega, contacto_comercial, contacto_cartera, contacto_logistico, condiciones_pago, calificacion, banco, tipo_cuenta, numero_cuenta, activo) VALUES (8, '900100008-5', 'Capacitación en Emergencias SAS', '603490113', 'ventas8@capacitación.com', 'Zona Industrial 8, Buga', '900100008-5', 'Nacional', 9, 'Contacto Comercial 8', 'Contacto Cartera 8', 'Contacto Logístico 8', 30, 5, 'Bancolombia', 'Ahorros', '673528321', TRUE);

-- EMPLEADO
INSERT INTO EMPLEADO (id_empleado, nombre, apellido, cargo, telefono, correo, salario, id_sede) VALUES (1, 'Laura', 'López', 'Administrador', '3284752529', 'empleado1@bomberoscali.com', 7938859.00, 1);
INSERT INTO EMPLEADO (id_empleado, nombre, apellido, cargo, telefono, correo, salario, id_sede) VALUES (2, 'Laura', 'Ortiz', 'Jefe Comercial', '3163843426', 'empleado2@bomberoscali.com', 4617310.00, 1);
INSERT INTO EMPLEADO (id_empleado, nombre, apellido, cargo, telefono, correo, salario, id_sede) VALUES (3, 'Diego', 'Rodríguez', 'Asesor Comercial', '3196282117', 'empleado3@bomberoscali.com', 2687277.00, 1);
INSERT INTO EMPLEADO (id_empleado, nombre, apellido, cargo, telefono, correo, salario, id_sede) VALUES (4, 'Jorge', 'López', 'Auxiliar Comercial', '3188461803', 'empleado4@bomberoscali.com', 1682579.00, 1);
INSERT INTO EMPLEADO (id_empleado, nombre, apellido, cargo, telefono, correo, salario, id_sede) VALUES (5, 'Daniela', 'Castro', 'Auxiliar Comercial', '3016323852', 'empleado5@bomberoscali.com', 1658744.00, 1);
INSERT INTO EMPLEADO (id_empleado, nombre, apellido, cargo, telefono, correo, salario, id_sede) VALUES (6, 'Ana', 'López', 'Coordinador Comercial', '3161220073', 'empleado6@bomberoscali.com', 3642666.00, 1);
INSERT INTO EMPLEADO (id_empleado, nombre, apellido, cargo, telefono, correo, salario, id_sede) VALUES (7, 'Sofía', 'Torres', 'Coordinador Comercial', '3225374874', 'empleado7@bomberoscali.com', 4102592.00, 1);
INSERT INTO EMPLEADO (id_empleado, nombre, apellido, cargo, telefono, correo, salario, id_sede) VALUES (8, 'Natalia', 'Rojas', 'Auxiliar Comercial', '3070897765', 'empleado8@bomberoscali.com', 1627942.00, 1);
INSERT INTO EMPLEADO (id_empleado, nombre, apellido, cargo, telefono, correo, salario, id_sede) VALUES (9, 'Juan', 'Muñoz', 'Administrador', '3093926371', 'empleado9@bomberoscali.com', 7104733.00, 2);
INSERT INTO EMPLEADO (id_empleado, nombre, apellido, cargo, telefono, correo, salario, id_sede) VALUES (10, 'Valentina', 'Moreno', 'Jefe Comercial', '3131682744', 'empleado10@bomberoscali.com', 5564646.00, 2);
INSERT INTO EMPLEADO (id_empleado, nombre, apellido, cargo, telefono, correo, salario, id_sede) VALUES (11, 'Natalia', 'Rojas', 'Coordinador Comercial', '3058718453', 'empleado11@bomberoscali.com', 3539902.00, 2);
INSERT INTO EMPLEADO (id_empleado, nombre, apellido, cargo, telefono, correo, salario, id_sede) VALUES (12, 'Valentina', 'Martínez', 'Asesor Comercial', '3275228535', 'empleado12@bomberoscali.com', 2082582.00, 2);
INSERT INTO EMPLEADO (id_empleado, nombre, apellido, cargo, telefono, correo, salario, id_sede) VALUES (13, 'Carlos', 'Rojas', 'Coordinador Comercial', '3232162965', 'empleado13@bomberoscali.com', 3891798.00, 2);
INSERT INTO EMPLEADO (id_empleado, nombre, apellido, cargo, telefono, correo, salario, id_sede) VALUES (14, 'Diego', 'Ramírez', 'Coordinador Comercial', '3236998038', 'empleado14@bomberoscali.com', 4174036.00, 2);

-- PRODUCTO
INSERT INTO PRODUCTO (id_producto, nombre, descripcion, precio, categoria, activo, id_proveedor) VALUES (1, 'Extintor Solkaflam 10 lb', 'Producto de la categoría Extintores', 350000.00, 'Extintores', TRUE, 1);
INSERT INTO PRODUCTO (id_producto, nombre, descripcion, precio, categoria, activo, id_proveedor) VALUES (2, 'Extintor Multipropósito ABC 20 lb', 'Producto de la categoría Extintores', 480000.00, 'Extintores', TRUE, 2);
INSERT INTO PRODUCTO (id_producto, nombre, descripcion, precio, categoria, activo, id_proveedor) VALUES (3, 'Camilla Rígida de Rescate', 'Producto de la categoría Camillas', 280000.00, 'Camillas', TRUE, 3);
INSERT INTO PRODUCTO (id_producto, nombre, descripcion, precio, categoria, activo, id_proveedor) VALUES (4, 'Camilla Plegable de Emergencia', 'Producto de la categoría Camillas', 320000.00, 'Camillas', TRUE, 4);
INSERT INTO PRODUCTO (id_producto, nombre, descripcion, precio, categoria, activo, id_proveedor) VALUES (5, 'Botiquín Industrial Tipo A', 'Producto de la categoría Botiquines', 95000.00, 'Botiquines', TRUE, 5);
INSERT INTO PRODUCTO (id_producto, nombre, descripcion, precio, categoria, activo, id_proveedor) VALUES (6, 'Botiquín Portátil Básico', 'Producto de la categoría Botiquines', 55000.00, 'Botiquines', TRUE, 6);
INSERT INTO PRODUCTO (id_producto, nombre, descripcion, precio, categoria, activo, id_proveedor) VALUES (7, 'Señalización Fotoluminiscente (paquete)', 'Producto de la categoría Señalización', 150000.00, 'Señalización', TRUE, 7);
INSERT INTO PRODUCTO (id_producto, nombre, descripcion, precio, categoria, activo, id_proveedor) VALUES (8, 'Señal de Ruta de Evacuación', 'Producto de la categoría Señalización', 45000.00, 'Señalización', FALSE, 8);
INSERT INTO PRODUCTO (id_producto, nombre, descripcion, precio, categoria, activo, id_proveedor) VALUES (9, 'Casco de Bombero Estructural', 'Producto de la categoría EPP', 620000.00, 'EPP', FALSE, 1);
INSERT INTO PRODUCTO (id_producto, nombre, descripcion, precio, categoria, activo, id_proveedor) VALUES (10, 'Guantes de Protección Ignífugos', 'Producto de la categoría EPP', 60000.00, 'EPP', TRUE, 2);
INSERT INTO PRODUCTO (id_producto, nombre, descripcion, precio, categoria, activo, id_proveedor) VALUES (11, 'Traje de Bombero Estructural', 'Producto de la categoría EPP', 1450000.00, 'EPP', TRUE, 3);
INSERT INTO PRODUCTO (id_producto, nombre, descripcion, precio, categoria, activo, id_proveedor) VALUES (12, 'Panel de Detección de Incendios', 'Producto de la categoría Detección de Incendios', 1200000.00, 'Detección de Incendios', FALSE, 4);
INSERT INTO PRODUCTO (id_producto, nombre, descripcion, precio, categoria, activo, id_proveedor) VALUES (13, 'Sensor de Humo Fotoeléctrico', 'Producto de la categoría Detección de Incendios', 420000.00, 'Detección de Incendios', TRUE, 5);
INSERT INTO PRODUCTO (id_producto, nombre, descripcion, precio, categoria, activo, id_proveedor) VALUES (14, 'Curso Certificado Primeros Auxilios', 'Producto de la categoría Capacitación', 180000.00, 'Capacitación', FALSE, 6);
INSERT INTO PRODUCTO (id_producto, nombre, descripcion, precio, categoria, activo, id_proveedor) VALUES (15, 'Curso Manejo de Extintores', 'Producto de la categoría Capacitación', 75000.00, 'Capacitación', FALSE, 7);
INSERT INTO PRODUCTO (id_producto, nombre, descripcion, precio, categoria, activo, id_proveedor) VALUES (16, 'Manguera Contraincendios 1.5" (30m)', 'Producto de la categoría Mangueras', 380000.00, 'Mangueras', FALSE, 8);
INSERT INTO PRODUCTO (id_producto, nombre, descripcion, precio, categoria, activo, id_proveedor) VALUES (17, 'Manguera Contraincendios 2.5" (30m)', 'Producto de la categoría Mangueras', 520000.00, 'Mangueras', TRUE, 1);
INSERT INTO PRODUCTO (id_producto, nombre, descripcion, precio, categoria, activo, id_proveedor) VALUES (18, 'Sistema Fijo de Rociadores (módulo)', 'Producto de la categoría Sistemas Fijos', 2800000.00, 'Sistemas Fijos', TRUE, 2);
INSERT INTO PRODUCTO (id_producto, nombre, descripcion, precio, categoria, activo, id_proveedor) VALUES (19, 'Gabinete Contraincendios Clase III', 'Producto de la categoría Sistemas Fijos', 950000.00, 'Sistemas Fijos', TRUE, 3);
INSERT INTO PRODUCTO (id_producto, nombre, descripcion, precio, categoria, activo, id_proveedor) VALUES (20, 'Linterna Táctica Recargable', 'Producto de la categoría Accesorios', 85000.00, 'Accesorios', TRUE, 4);

-- INVENTARIO
INSERT INTO INVENTARIO (stock_actual, stock_minimo, demanda_diaria, estado_stock, id_producto) VALUES (128, 54, 9, 'Seguro', 1);
INSERT INTO INVENTARIO (stock_actual, stock_minimo, demanda_diaria, estado_stock, id_producto) VALUES (31, 80, 10, 'Crítico', 2);
INSERT INTO INVENTARIO (stock_actual, stock_minimo, demanda_diaria, estado_stock, id_producto) VALUES (7, 104, 13, 'Crítico', 3);
INSERT INTO INVENTARIO (stock_actual, stock_minimo, demanda_diaria, estado_stock, id_producto) VALUES (71, 88, 11, 'Alerta', 4);
INSERT INTO INVENTARIO (stock_actual, stock_minimo, demanda_diaria, estado_stock, id_producto) VALUES (0, 80, 8, 'Agotado', 5);
INSERT INTO INVENTARIO (stock_actual, stock_minimo, demanda_diaria, estado_stock, id_producto) VALUES (0, 110, 11, 'Agotado', 6);
INSERT INTO INVENTARIO (stock_actual, stock_minimo, demanda_diaria, estado_stock, id_producto) VALUES (42, 70, 7, 'Alerta', 7);
INSERT INTO INVENTARIO (stock_actual, stock_minimo, demanda_diaria, estado_stock, id_producto) VALUES (8, 24, 4, 'Crítico', 8);
INSERT INTO INVENTARIO (stock_actual, stock_minimo, demanda_diaria, estado_stock, id_producto) VALUES (8, 24, 3, 'Crítico', 9);
INSERT INTO INVENTARIO (stock_actual, stock_minimo, demanda_diaria, estado_stock, id_producto) VALUES (19, 20, 4, 'Alerta', 10);
INSERT INTO INVENTARIO (stock_actual, stock_minimo, demanda_diaria, estado_stock, id_producto) VALUES (28, 10, 2, 'Seguro', 11);
INSERT INTO INVENTARIO (stock_actual, stock_minimo, demanda_diaria, estado_stock, id_producto) VALUES (131, 70, 14, 'Seguro', 12);
INSERT INTO INVENTARIO (stock_actual, stock_minimo, demanda_diaria, estado_stock, id_producto) VALUES (38, 24, 3, 'Seguro', 13);
INSERT INTO INVENTARIO (stock_actual, stock_minimo, demanda_diaria, estado_stock, id_producto) VALUES (155, 112, 14, 'Seguro', 14);
INSERT INTO INVENTARIO (stock_actual, stock_minimo, demanda_diaria, estado_stock, id_producto) VALUES (69, 35, 7, 'Seguro', 15);
INSERT INTO INVENTARIO (stock_actual, stock_minimo, demanda_diaria, estado_stock, id_producto) VALUES (105, 120, 15, 'Alerta', 16);
INSERT INTO INVENTARIO (stock_actual, stock_minimo, demanda_diaria, estado_stock, id_producto) VALUES (233, 108, 12, 'Seguro', 17);
INSERT INTO INVENTARIO (stock_actual, stock_minimo, demanda_diaria, estado_stock, id_producto) VALUES (10, 18, 3, 'Alerta', 18);
INSERT INTO INVENTARIO (stock_actual, stock_minimo, demanda_diaria, estado_stock, id_producto) VALUES (292, 100, 10, 'Seguro', 19);
INSERT INTO INVENTARIO (stock_actual, stock_minimo, demanda_diaria, estado_stock, id_producto) VALUES (0, 30, 6, 'Agotado', 20);

-- CLIENTE
INSERT INTO CLIENTE (id_cliente, num_doc, tipo_doc, nombre_razon_social, telefono, correo, direccion_operativa, direccion_residencial, tipo_cliente, habeas_data, ciudad, repre_legal, regimen_tributario) VALUES (1, '900000001', 'NIT', 'Constructora Andina S.A. 1', '3241568532', 'cliente1@correo.com', 'Calle 104 # 16-73, Buga', 'Calle 64 # 75-77, Buga', 'Empresa', TRUE, 'Buga', 'Camila Rodríguez', 'Régimen Común');
INSERT INTO CLIENTE (id_cliente, num_doc, tipo_doc, nombre_razon_social, telefono, correo, direccion_operativa, direccion_residencial, tipo_cliente, habeas_data, ciudad, repre_legal, regimen_tributario) VALUES (2, '900000002', 'NIT', 'Comercializadora Andina S.A. 2', '3045650176', 'cliente2@correo.com', 'Calle 102 # 17-86, Palmira', 'Calle 77 # 59-41, Palmira', 'Empresa', TRUE, 'Palmira', 'Diego Martínez', 'Régimen Simplificado');
INSERT INTO CLIENTE (id_cliente, num_doc, tipo_doc, nombre_razon_social, telefono, correo, direccion_operativa, direccion_residencial, tipo_cliente, habeas_data, ciudad, repre_legal, regimen_tributario) VALUES (3, '1083370583', 'CC', 'Juan Torres', '3223419256', 'cliente3@correo.com', 'Calle 19 # 69-28, Palmira', 'Calle 130 # 34-17, Palmira', 'Persona', TRUE, 'Palmira', NULL, NULL);
INSERT INTO CLIENTE (id_cliente, num_doc, tipo_doc, nombre_razon_social, telefono, correo, direccion_operativa, direccion_residencial, tipo_cliente, habeas_data, ciudad, repre_legal, regimen_tributario) VALUES (4, '1038250360', 'CC', 'Laura Vargas', '3068812137', 'cliente4@correo.com', 'Calle 140 # 91-39, Palmira', 'Calle 136 # 2-86, Palmira', 'Persona', TRUE, 'Palmira', NULL, NULL);
INSERT INTO CLIENTE (id_cliente, num_doc, tipo_doc, nombre_razon_social, telefono, correo, direccion_operativa, direccion_residencial, tipo_cliente, habeas_data, ciudad, repre_legal, regimen_tributario) VALUES (5, '1035496015', 'CC', 'Ana López', '3024366125', 'cliente5@correo.com', 'Calle 142 # 20-35, Yumbo', 'Calle 73 # 78-27, Yumbo', 'Persona', TRUE, 'Yumbo', NULL, NULL);
INSERT INTO CLIENTE (id_cliente, num_doc, tipo_doc, nombre_razon_social, telefono, correo, direccion_operativa, direccion_residencial, tipo_cliente, habeas_data, ciudad, repre_legal, regimen_tributario) VALUES (6, '1065569635', 'CC', 'Diego Ramírez', '3116818112', 'cliente6@correo.com', 'Calle 24 # 82-55, Tuluá', 'Calle 71 # 6-1, Tuluá', 'Persona', TRUE, 'Tuluá', NULL, NULL);
INSERT INTO CLIENTE (id_cliente, num_doc, tipo_doc, nombre_razon_social, telefono, correo, direccion_operativa, direccion_residencial, tipo_cliente, habeas_data, ciudad, repre_legal, regimen_tributario) VALUES (7, '900000007', 'NIT', 'Almacenes Popular del Valle Ltda. 7', '3211297845', 'cliente7@correo.com', 'Calle 29 # 10-89, Buga', 'Calle 39 # 70-5, Buga', 'Empresa', TRUE, 'Buga', 'Jorge Ramírez', 'Régimen Simplificado');
INSERT INTO CLIENTE (id_cliente, num_doc, tipo_doc, nombre_razon_social, telefono, correo, direccion_operativa, direccion_residencial, tipo_cliente, habeas_data, ciudad, repre_legal, regimen_tributario) VALUES (8, '1005614174', 'CC', 'Daniela López', '3158942697', 'cliente8@correo.com', 'Calle 11 # 46-27, Buga', 'Calle 64 # 86-14, Buga', 'Persona', TRUE, 'Buga', NULL, NULL);
INSERT INTO CLIENTE (id_cliente, num_doc, tipo_doc, nombre_razon_social, telefono, correo, direccion_operativa, direccion_residencial, tipo_cliente, habeas_data, ciudad, repre_legal, regimen_tributario) VALUES (9, '900000009', 'NIT', 'Logística Integral SAS S.A. 9', '3065337219', 'cliente9@correo.com', 'Calle 7 # 23-95, Cartago', 'Calle 86 # 53-86, Cartago', 'Empresa', TRUE, 'Cartago', 'Laura Moreno', 'Régimen Común');
INSERT INTO CLIENTE (id_cliente, num_doc, tipo_doc, nombre_razon_social, telefono, correo, direccion_operativa, direccion_residencial, tipo_cliente, habeas_data, ciudad, repre_legal, regimen_tributario) VALUES (10, '1094123965', 'CC', 'Diego López', '3061343880', 'cliente10@correo.com', 'Calle 10 # 61-29, Tuluá', 'Calle 52 # 59-45, Tuluá', 'Persona', TRUE, 'Tuluá', NULL, NULL);
INSERT INTO CLIENTE (id_cliente, num_doc, tipo_doc, nombre_razon_social, telefono, correo, direccion_operativa, direccion_residencial, tipo_cliente, habeas_data, ciudad, repre_legal, regimen_tributario) VALUES (11, '900000011', 'NIT', 'Distribuciones del Pacífico S.A.S. 11', '3047463522', 'cliente11@correo.com', 'Calle 90 # 83-66, Tuluá', 'Calle 103 # 87-69, Tuluá', 'Empresa', TRUE, 'Tuluá', 'Miguel Vargas', 'Régimen Simplificado');
INSERT INTO CLIENTE (id_cliente, num_doc, tipo_doc, nombre_razon_social, telefono, correo, direccion_operativa, direccion_residencial, tipo_cliente, habeas_data, ciudad, repre_legal, regimen_tributario) VALUES (12, '900000012', 'NIT', 'Textiles del Valle Ltda. 12', '3090070438', 'cliente12@correo.com', 'Calle 112 # 45-94, Cali', 'Calle 81 # 56-78, Cali', 'Empresa', TRUE, 'Cali', 'David Hernández', 'Régimen Común');
INSERT INTO CLIENTE (id_cliente, num_doc, tipo_doc, nombre_razon_social, telefono, correo, direccion_operativa, direccion_residencial, tipo_cliente, habeas_data, ciudad, repre_legal, regimen_tributario) VALUES (13, '1025511941', 'CC', 'Miguel Castro', '3115957459', 'cliente13@correo.com', 'Calle 112 # 1-67, Palmira', 'Calle 138 # 88-93, Palmira', 'Persona', TRUE, 'Palmira', NULL, NULL);
INSERT INTO CLIENTE (id_cliente, num_doc, tipo_doc, nombre_razon_social, telefono, correo, direccion_operativa, direccion_residencial, tipo_cliente, habeas_data, ciudad, repre_legal, regimen_tributario) VALUES (14, '1009391725', 'CC', 'Isabella Gómez', '3254318698', 'cliente14@correo.com', 'Calle 81 # 85-16, Tuluá', 'Calle 77 # 65-40, Tuluá', 'Persona', TRUE, 'Tuluá', NULL, NULL);
INSERT INTO CLIENTE (id_cliente, num_doc, tipo_doc, nombre_razon_social, telefono, correo, direccion_operativa, direccion_residencial, tipo_cliente, habeas_data, ciudad, repre_legal, regimen_tributario) VALUES (15, '1039682169', 'CC', 'Miguel Muñoz', '3227084279', 'cliente15@correo.com', 'Calle 50 # 54-86, Jamundí', 'Calle 98 # 87-96, Jamundí', 'Persona', TRUE, 'Jamundí', NULL, NULL);
INSERT INTO CLIENTE (id_cliente, num_doc, tipo_doc, nombre_razon_social, telefono, correo, direccion_operativa, direccion_residencial, tipo_cliente, habeas_data, ciudad, repre_legal, regimen_tributario) VALUES (16, '1000054484', 'CC', 'Miguel Ramírez', '3148508907', 'cliente16@correo.com', 'Calle 54 # 56-75, Yumbo', 'Calle 83 # 60-57, Yumbo', 'Persona', TRUE, 'Yumbo', NULL, NULL);
INSERT INTO CLIENTE (id_cliente, num_doc, tipo_doc, nombre_razon_social, telefono, correo, direccion_operativa, direccion_residencial, tipo_cliente, habeas_data, ciudad, repre_legal, regimen_tributario) VALUES (17, '900000017', 'NIT', 'Confecciones Vallecaucanas Ltda. 17', '3041523529', 'cliente17@correo.com', 'Calle 80 # 29-26, Tuluá', 'Calle 38 # 4-6, Tuluá', 'Empresa', TRUE, 'Tuluá', 'Carlos Hernández', 'Régimen Simplificado');
INSERT INTO CLIENTE (id_cliente, num_doc, tipo_doc, nombre_razon_social, telefono, correo, direccion_operativa, direccion_residencial, tipo_cliente, habeas_data, ciudad, repre_legal, regimen_tributario) VALUES (18, '900000018', 'NIT', 'Logística Integral SAS S.A.S. 18', '3261536717', 'cliente18@correo.com', 'Calle 127 # 52-32, Buenaventura', 'Calle 38 # 84-89, Buenaventura', 'Empresa', TRUE, 'Buenaventura', 'Daniela Ortiz', 'Régimen Común');
INSERT INTO CLIENTE (id_cliente, num_doc, tipo_doc, nombre_razon_social, telefono, correo, direccion_operativa, direccion_residencial, tipo_cliente, habeas_data, ciudad, repre_legal, regimen_tributario) VALUES (19, '900000019', 'NIT', 'Comercializadora Andina S.A.S. 19', '3243446826', 'cliente19@correo.com', 'Calle 32 # 59-18, Palmira', 'Calle 119 # 86-68, Palmira', 'Empresa', TRUE, 'Palmira', 'Felipe Torres', 'Régimen Común');
INSERT INTO CLIENTE (id_cliente, num_doc, tipo_doc, nombre_razon_social, telefono, correo, direccion_operativa, direccion_residencial, tipo_cliente, habeas_data, ciudad, repre_legal, regimen_tributario) VALUES (20, '1096539316', 'CC', 'Jorge Castro', '3267276174', 'cliente20@correo.com', 'Calle 141 # 58-21, Jamundí', 'Calle 122 # 58-34, Jamundí', 'Persona', TRUE, 'Jamundí', NULL, NULL);
INSERT INTO CLIENTE (id_cliente, num_doc, tipo_doc, nombre_razon_social, telefono, correo, direccion_operativa, direccion_residencial, tipo_cliente, habeas_data, ciudad, repre_legal, regimen_tributario) VALUES (21, '1084120751', 'CC', 'Felipe Torres', '3046855845', 'cliente21@correo.com', 'Calle 113 # 10-92, Yumbo', 'Calle 74 # 31-35, Yumbo', 'Persona', TRUE, 'Yumbo', NULL, NULL);
INSERT INTO CLIENTE (id_cliente, num_doc, tipo_doc, nombre_razon_social, telefono, correo, direccion_operativa, direccion_residencial, tipo_cliente, habeas_data, ciudad, repre_legal, regimen_tributario) VALUES (22, '900000022', 'NIT', 'Ingeniería y Montajes S.A.S. 22', '3238716269', 'cliente22@correo.com', 'Calle 17 # 54-53, Palmira', 'Calle 85 # 70-60, Palmira', 'Empresa', TRUE, 'Palmira', 'Miguel Muñoz', 'Régimen Común');
INSERT INTO CLIENTE (id_cliente, num_doc, tipo_doc, nombre_razon_social, telefono, correo, direccion_operativa, direccion_residencial, tipo_cliente, habeas_data, ciudad, repre_legal, regimen_tributario) VALUES (23, '900000023', 'NIT', 'Comercializadora Andina Ltda. 23', '3057212267', 'cliente23@correo.com', 'Calle 77 # 97-50, Tuluá', 'Calle 108 # 69-96, Tuluá', 'Empresa', TRUE, 'Tuluá', 'David Gómez', 'Régimen Simplificado');
INSERT INTO CLIENTE (id_cliente, num_doc, tipo_doc, nombre_razon_social, telefono, correo, direccion_operativa, direccion_residencial, tipo_cliente, habeas_data, ciudad, repre_legal, regimen_tributario) VALUES (24, '1036632757', 'CC', 'Paula Martínez', '3175181765', 'cliente24@correo.com', 'Calle 8 # 50-44, Tuluá', 'Calle 104 # 93-22, Tuluá', 'Persona', TRUE, 'Tuluá', NULL, NULL);
INSERT INTO CLIENTE (id_cliente, num_doc, tipo_doc, nombre_razon_social, telefono, correo, direccion_operativa, direccion_residencial, tipo_cliente, habeas_data, ciudad, repre_legal, regimen_tributario) VALUES (25, '1003619375', 'CC', 'Sofía Ramírez', '3189442503', 'cliente25@correo.com', 'Calle 145 # 85-4, Buga', 'Calle 22 # 83-55, Buga', 'Persona', TRUE, 'Buga', NULL, NULL);
INSERT INTO CLIENTE (id_cliente, num_doc, tipo_doc, nombre_razon_social, telefono, correo, direccion_operativa, direccion_residencial, tipo_cliente, habeas_data, ciudad, repre_legal, regimen_tributario) VALUES (26, '900000026', 'NIT', 'Ingeniería y Montajes S.A.S. 26', '3153868501', 'cliente26@correo.com', 'Calle 87 # 98-49, Buenaventura', 'Calle 72 # 97-54, Buenaventura', 'Empresa', TRUE, 'Buenaventura', 'Miguel Vargas', 'Régimen Común');
INSERT INTO CLIENTE (id_cliente, num_doc, tipo_doc, nombre_razon_social, telefono, correo, direccion_operativa, direccion_residencial, tipo_cliente, habeas_data, ciudad, repre_legal, regimen_tributario) VALUES (27, '900000027', 'NIT', 'Grupo Empresarial del Valle S.A.S. 27', '3215403355', 'cliente27@correo.com', 'Calle 8 # 32-26, Palmira', 'Calle 6 # 80-20, Palmira', 'Empresa', TRUE, 'Palmira', 'Isabella Martínez', 'Régimen Común');
INSERT INTO CLIENTE (id_cliente, num_doc, tipo_doc, nombre_razon_social, telefono, correo, direccion_operativa, direccion_residencial, tipo_cliente, habeas_data, ciudad, repre_legal, regimen_tributario) VALUES (28, '900000028', 'NIT', 'Almacenes Popular del Valle S.A.S. 28', '3132520277', 'cliente28@correo.com', 'Calle 30 # 21-40, Buenaventura', 'Calle 28 # 75-4, Buenaventura', 'Empresa', TRUE, 'Buenaventura', 'Jorge Muñoz', 'Régimen Simplificado');
INSERT INTO CLIENTE (id_cliente, num_doc, tipo_doc, nombre_razon_social, telefono, correo, direccion_operativa, direccion_residencial, tipo_cliente, habeas_data, ciudad, repre_legal, regimen_tributario) VALUES (29, '1026619372', 'CC', 'Miguel Muñoz', '3089470029', 'cliente29@correo.com', 'Calle 63 # 14-90, Cartago', 'Calle 78 # 88-77, Cartago', 'Persona', TRUE, 'Cartago', NULL, NULL);
INSERT INTO CLIENTE (id_cliente, num_doc, tipo_doc, nombre_razon_social, telefono, correo, direccion_operativa, direccion_residencial, tipo_cliente, habeas_data, ciudad, repre_legal, regimen_tributario) VALUES (30, '1057495923', 'CC', 'Isabella Ramírez', '3259737181', 'cliente30@correo.com', 'Calle 18 # 65-83, Cali', 'Calle 88 # 2-54, Cali', 'Persona', TRUE, 'Cali', NULL, NULL);
INSERT INTO CLIENTE (id_cliente, num_doc, tipo_doc, nombre_razon_social, telefono, correo, direccion_operativa, direccion_residencial, tipo_cliente, habeas_data, ciudad, repre_legal, regimen_tributario) VALUES (31, '1085306788', 'CC', 'Daniela Vargas', '3130534124', 'cliente31@correo.com', 'Calle 112 # 23-94, Palmira', 'Calle 134 # 84-35, Palmira', 'Persona', TRUE, 'Palmira', NULL, NULL);
INSERT INTO CLIENTE (id_cliente, num_doc, tipo_doc, nombre_razon_social, telefono, correo, direccion_operativa, direccion_residencial, tipo_cliente, habeas_data, ciudad, repre_legal, regimen_tributario) VALUES (32, '1098116677', 'CC', 'Jorge Gómez', '3246023439', 'cliente32@correo.com', 'Calle 83 # 32-12, Buenaventura', 'Calle 72 # 58-32, Buenaventura', 'Persona', TRUE, 'Buenaventura', NULL, NULL);
INSERT INTO CLIENTE (id_cliente, num_doc, tipo_doc, nombre_razon_social, telefono, correo, direccion_operativa, direccion_residencial, tipo_cliente, habeas_data, ciudad, repre_legal, regimen_tributario) VALUES (33, '1066344695', 'CC', 'Santiago García', '3134406132', 'cliente33@correo.com', 'Calle 125 # 28-46, Cartago', 'Calle 67 # 44-36, Cartago', 'Persona', TRUE, 'Cartago', NULL, NULL);
INSERT INTO CLIENTE (id_cliente, num_doc, tipo_doc, nombre_razon_social, telefono, correo, direccion_operativa, direccion_residencial, tipo_cliente, habeas_data, ciudad, repre_legal, regimen_tributario) VALUES (34, '1069340535', 'CC', 'Natalia García', '3021490777', 'cliente34@correo.com', 'Calle 62 # 93-53, Yumbo', 'Calle 126 # 72-98, Yumbo', 'Persona', TRUE, 'Yumbo', NULL, NULL);
INSERT INTO CLIENTE (id_cliente, num_doc, tipo_doc, nombre_razon_social, telefono, correo, direccion_operativa, direccion_residencial, tipo_cliente, habeas_data, ciudad, repre_legal, regimen_tributario) VALUES (35, '900000035', 'NIT', 'Almacenes Popular del Valle S.A. 35', '3049491631', 'cliente35@correo.com', 'Calle 57 # 52-89, Buenaventura', 'Calle 63 # 40-85, Buenaventura', 'Empresa', TRUE, 'Buenaventura', 'Jorge Rojas', 'Régimen Común');
INSERT INTO CLIENTE (id_cliente, num_doc, tipo_doc, nombre_razon_social, telefono, correo, direccion_operativa, direccion_residencial, tipo_cliente, habeas_data, ciudad, repre_legal, regimen_tributario) VALUES (36, '1046138336', 'CC', 'Natalia Ramírez', '3183871890', 'cliente36@correo.com', 'Calle 85 # 46-90, Buenaventura', 'Calle 117 # 35-40, Buenaventura', 'Persona', TRUE, 'Buenaventura', NULL, NULL);
INSERT INTO CLIENTE (id_cliente, num_doc, tipo_doc, nombre_razon_social, telefono, correo, direccion_operativa, direccion_residencial, tipo_cliente, habeas_data, ciudad, repre_legal, regimen_tributario) VALUES (37, '900000037', 'NIT', 'Agroindustrias del Cauca S.A.S. 37', '3039042654', 'cliente37@correo.com', 'Calle 124 # 36-93, Palmira', 'Calle 135 # 77-37, Palmira', 'Empresa', TRUE, 'Palmira', 'Ana Muñoz', 'Régimen Común');
INSERT INTO CLIENTE (id_cliente, num_doc, tipo_doc, nombre_razon_social, telefono, correo, direccion_operativa, direccion_residencial, tipo_cliente, habeas_data, ciudad, repre_legal, regimen_tributario) VALUES (38, '1048436637', 'CC', 'Valentina Martínez', '3050569669', 'cliente38@correo.com', 'Calle 4 # 91-69, Tuluá', 'Calle 33 # 36-6, Tuluá', 'Persona', TRUE, 'Tuluá', NULL, NULL);
INSERT INTO CLIENTE (id_cliente, num_doc, tipo_doc, nombre_razon_social, telefono, correo, direccion_operativa, direccion_residencial, tipo_cliente, habeas_data, ciudad, repre_legal, regimen_tributario) VALUES (39, '1065884623', 'CC', 'Luis Ortiz', '3011646234', 'cliente39@correo.com', 'Calle 147 # 37-61, Yumbo', 'Calle 123 # 57-44, Yumbo', 'Persona', TRUE, 'Yumbo', NULL, NULL);
INSERT INTO CLIENTE (id_cliente, num_doc, tipo_doc, nombre_razon_social, telefono, correo, direccion_operativa, direccion_residencial, tipo_cliente, habeas_data, ciudad, repre_legal, regimen_tributario) VALUES (40, '900000040', 'NIT', 'Alimentos La Cosecha Ltda. 40', '3087446468', 'cliente40@correo.com', 'Calle 14 # 20-20, Cali', 'Calle 145 # 39-11, Cali', 'Empresa', TRUE, 'Cali', 'Carlos Gómez', 'Régimen Simplificado');
INSERT INTO CLIENTE (id_cliente, num_doc, tipo_doc, nombre_razon_social, telefono, correo, direccion_operativa, direccion_residencial, tipo_cliente, habeas_data, ciudad, repre_legal, regimen_tributario) VALUES (41, '1055857931', 'CC', 'Natalia Rojas', '3290010790', 'cliente41@correo.com', 'Calle 58 # 67-49, Palmira', 'Calle 116 # 57-39, Palmira', 'Persona', TRUE, 'Palmira', NULL, NULL);
INSERT INTO CLIENTE (id_cliente, num_doc, tipo_doc, nombre_razon_social, telefono, correo, direccion_operativa, direccion_residencial, tipo_cliente, habeas_data, ciudad, repre_legal, regimen_tributario) VALUES (42, '1083352876', 'CC', 'Valentina Castro', '3091823275', 'cliente42@correo.com', 'Calle 26 # 98-27, Cartago', 'Calle 55 # 34-85, Cartago', 'Persona', TRUE, 'Cartago', NULL, NULL);
INSERT INTO CLIENTE (id_cliente, num_doc, tipo_doc, nombre_razon_social, telefono, correo, direccion_operativa, direccion_residencial, tipo_cliente, habeas_data, ciudad, repre_legal, regimen_tributario) VALUES (43, '900000043', 'NIT', 'Ingeniería y Montajes S.A. 43', '3189699989', 'cliente43@correo.com', 'Calle 121 # 38-5, Tuluá', 'Calle 60 # 37-91, Tuluá', 'Empresa', TRUE, 'Tuluá', 'Camila García', 'Régimen Simplificado');
INSERT INTO CLIENTE (id_cliente, num_doc, tipo_doc, nombre_razon_social, telefono, correo, direccion_operativa, direccion_residencial, tipo_cliente, habeas_data, ciudad, repre_legal, regimen_tributario) VALUES (44, '900000044', 'NIT', 'Textiles del Valle S.A. 44', '3125405014', 'cliente44@correo.com', 'Calle 140 # 29-83, Buenaventura', 'Calle 39 # 35-19, Buenaventura', 'Empresa', TRUE, 'Buenaventura', 'Diego Rojas', 'Régimen Común');
INSERT INTO CLIENTE (id_cliente, num_doc, tipo_doc, nombre_razon_social, telefono, correo, direccion_operativa, direccion_residencial, tipo_cliente, habeas_data, ciudad, repre_legal, regimen_tributario) VALUES (45, '900000045', 'NIT', 'Alimentos La Cosecha S.A. 45', '3250814428', 'cliente45@correo.com', 'Calle 104 # 35-65, Buga', 'Calle 139 # 64-57, Buga', 'Empresa', TRUE, 'Buga', 'Jorge Rodríguez', 'Régimen Simplificado');
INSERT INTO CLIENTE (id_cliente, num_doc, tipo_doc, nombre_razon_social, telefono, correo, direccion_operativa, direccion_residencial, tipo_cliente, habeas_data, ciudad, repre_legal, regimen_tributario) VALUES (46, '900000046', 'NIT', 'Comercializadora Andina S.A. 46', '3040725714', 'cliente46@correo.com', 'Calle 148 # 76-3, Cali', 'Calle 69 # 74-6, Cali', 'Empresa', TRUE, 'Cali', 'Sofía Hernández', 'Régimen Común');
INSERT INTO CLIENTE (id_cliente, num_doc, tipo_doc, nombre_razon_social, telefono, correo, direccion_operativa, direccion_residencial, tipo_cliente, habeas_data, ciudad, repre_legal, regimen_tributario) VALUES (47, '1087444123', 'CC', 'Paula Ramírez', '3147333543', 'cliente47@correo.com', 'Calle 47 # 75-56, Buga', 'Calle 126 # 12-61, Buga', 'Persona', TRUE, 'Buga', NULL, NULL);
INSERT INTO CLIENTE (id_cliente, num_doc, tipo_doc, nombre_razon_social, telefono, correo, direccion_operativa, direccion_residencial, tipo_cliente, habeas_data, ciudad, repre_legal, regimen_tributario) VALUES (48, '900000048', 'NIT', 'Transportes Cali S.A. 48', '3276500726', 'cliente48@correo.com', 'Calle 74 # 85-52, Jamundí', 'Calle 141 # 5-59, Jamundí', 'Empresa', TRUE, 'Jamundí', 'Camila Vargas', 'Régimen Simplificado');
INSERT INTO CLIENTE (id_cliente, num_doc, tipo_doc, nombre_razon_social, telefono, correo, direccion_operativa, direccion_residencial, tipo_cliente, habeas_data, ciudad, repre_legal, regimen_tributario) VALUES (49, '900000049', 'NIT', 'Transportes Cali S.A.S. 49', '3282825679', 'cliente49@correo.com', 'Calle 119 # 53-7, Yumbo', 'Calle 49 # 67-47, Yumbo', 'Empresa', TRUE, 'Yumbo', 'Felipe Moreno', 'Régimen Común');
INSERT INTO CLIENTE (id_cliente, num_doc, tipo_doc, nombre_razon_social, telefono, correo, direccion_operativa, direccion_residencial, tipo_cliente, habeas_data, ciudad, repre_legal, regimen_tributario) VALUES (50, '1006927215', 'CC', 'Jorge Rojas', '3045843681', 'cliente50@correo.com', 'Calle 141 # 17-37, Buenaventura', 'Calle 113 # 90-63, Buenaventura', 'Persona', TRUE, 'Buenaventura', NULL, NULL);
INSERT INTO CLIENTE (id_cliente, num_doc, tipo_doc, nombre_razon_social, telefono, correo, direccion_operativa, direccion_residencial, tipo_cliente, habeas_data, ciudad, repre_legal, regimen_tributario) VALUES (51, '900000051', 'NIT', 'Agroindustrias del Cauca S.A.S. 51', '3040158811', 'cliente51@correo.com', 'Calle 30 # 60-16, Tuluá', 'Calle 40 # 64-92, Tuluá', 'Empresa', TRUE, 'Tuluá', 'Natalia García', 'Régimen Simplificado');
INSERT INTO CLIENTE (id_cliente, num_doc, tipo_doc, nombre_razon_social, telefono, correo, direccion_operativa, direccion_residencial, tipo_cliente, habeas_data, ciudad, repre_legal, regimen_tributario) VALUES (52, '900000052', 'NIT', 'Comercializadora Andina Ltda. 52', '3135583290', 'cliente52@correo.com', 'Calle 131 # 96-18, Yumbo', 'Calle 18 # 36-99, Yumbo', 'Empresa', TRUE, 'Yumbo', 'Laura Torres', 'Régimen Común');
INSERT INTO CLIENTE (id_cliente, num_doc, tipo_doc, nombre_razon_social, telefono, correo, direccion_operativa, direccion_residencial, tipo_cliente, habeas_data, ciudad, repre_legal, regimen_tributario) VALUES (53, '1068147397', 'CC', 'Santiago Rojas', '3110344303', 'cliente53@correo.com', 'Calle 73 # 93-39, Cartago', 'Calle 149 # 85-63, Cartago', 'Persona', TRUE, 'Cartago', NULL, NULL);
INSERT INTO CLIENTE (id_cliente, num_doc, tipo_doc, nombre_razon_social, telefono, correo, direccion_operativa, direccion_residencial, tipo_cliente, habeas_data, ciudad, repre_legal, regimen_tributario) VALUES (54, '1046321751', 'CC', 'Natalia Torres', '3184077101', 'cliente54@correo.com', 'Calle 140 # 49-59, Buenaventura', 'Calle 83 # 25-90, Buenaventura', 'Persona', TRUE, 'Buenaventura', NULL, NULL);
INSERT INTO CLIENTE (id_cliente, num_doc, tipo_doc, nombre_razon_social, telefono, correo, direccion_operativa, direccion_residencial, tipo_cliente, habeas_data, ciudad, repre_legal, regimen_tributario) VALUES (55, '900000055', 'NIT', 'Distribuciones del Pacífico Ltda. 55', '3261167978', 'cliente55@correo.com', 'Calle 99 # 85-84, Cartago', 'Calle 39 # 64-5, Cartago', 'Empresa', TRUE, 'Cartago', 'Santiago Muñoz', 'Régimen Simplificado');
INSERT INTO CLIENTE (id_cliente, num_doc, tipo_doc, nombre_razon_social, telefono, correo, direccion_operativa, direccion_residencial, tipo_cliente, habeas_data, ciudad, repre_legal, regimen_tributario) VALUES (56, '900000056', 'NIT', 'Textiles del Valle Ltda. 56', '3229348212', 'cliente56@correo.com', 'Calle 105 # 84-20, Jamundí', 'Calle 20 # 61-34, Jamundí', 'Empresa', TRUE, 'Jamundí', 'Felipe Torres', 'Régimen Común');
INSERT INTO CLIENTE (id_cliente, num_doc, tipo_doc, nombre_razon_social, telefono, correo, direccion_operativa, direccion_residencial, tipo_cliente, habeas_data, ciudad, repre_legal, regimen_tributario) VALUES (57, '900000057', 'NIT', 'Almacenes Popular del Valle S.A.S. 57', '3275491202', 'cliente57@correo.com', 'Calle 139 # 5-80, Cartago', 'Calle 18 # 31-81, Cartago', 'Empresa', TRUE, 'Cartago', 'Natalia Gómez', 'Régimen Simplificado');
INSERT INTO CLIENTE (id_cliente, num_doc, tipo_doc, nombre_razon_social, telefono, correo, direccion_operativa, direccion_residencial, tipo_cliente, habeas_data, ciudad, repre_legal, regimen_tributario) VALUES (58, '1012130508', 'CC', 'Laura Muñoz', '3123212812', 'cliente58@correo.com', 'Calle 26 # 57-22, Yumbo', 'Calle 77 # 4-6, Yumbo', 'Persona', TRUE, 'Yumbo', NULL, NULL);
INSERT INTO CLIENTE (id_cliente, num_doc, tipo_doc, nombre_razon_social, telefono, correo, direccion_operativa, direccion_residencial, tipo_cliente, habeas_data, ciudad, repre_legal, regimen_tributario) VALUES (59, '900000059', 'NIT', 'Alimentos La Cosecha Ltda. 59', '3265304649', 'cliente59@correo.com', 'Calle 145 # 88-24, Cali', 'Calle 44 # 23-11, Cali', 'Empresa', TRUE, 'Cali', 'Daniela López', 'Régimen Común');
INSERT INTO CLIENTE (id_cliente, num_doc, tipo_doc, nombre_razon_social, telefono, correo, direccion_operativa, direccion_residencial, tipo_cliente, habeas_data, ciudad, repre_legal, regimen_tributario) VALUES (60, '1032323627', 'CC', 'Sofía Ortiz', '3188270025', 'cliente60@correo.com', 'Calle 37 # 30-60, Cartago', 'Calle 66 # 59-33, Cartago', 'Persona', TRUE, 'Cartago', NULL, NULL);

COMMIT;
